{"stats":{"minecraft:killed":{"minecraft:sheep":1},"minecraft:mined":{"minecraft:short_grass":3,"minecraft:grass_block":3,"minecraft:dirt":1,"minecraft:tall_grass":5},"minecraft:dropped":{"minecraft:mutton":2,"minecraft:white_wool":1},"minecraft:custom":{"minecraft:time_since_rest":3907,"minecraft:crouch_one_cm":634,"minecraft:play_time":3907,"minecraft:sprint_one_cm":2256,"minecraft:walk_one_cm":3651,"minecraft:sneak_time":189,"minecraft:mob_kills":1,"minecraft:drop":2,"minecraft:jump":37,"minecraft:damage_dealt":80,"minecraft:leave_game":1,"minecraft:time_since_death":3907,"minecraft:total_world_time":3907,"minecraft:fall_one_cm":627,"minecraft:fly_one_cm":9783},"minecraft:picked_up":{"minecraft:mutton":2,"minecraft:dirt":4,"minecraft:white_wool":1},"minecraft:used":{"minecraft:dirt":4}},"DataVersion":3700}